,tp,fp,tn,fn,precision,recall,accuracy,inspection_rate,f1_score,mcc,auc_roc
0,0,4,1,2,0.0,0.0,0.14285714285714285,0.5714285714285714,0.0,-0.7302967433402214,0.09999999999999998
1,0,2,2,0,0.0,0.0,0.5,0.5,0.0,0.0,
2,0,2,2,0,0.0,0.0,0.5,0.5,0.0,0.0,
3,0,1,0,0,0.0,0.0,0.0,1.0,0.0,0.0,
4,0,1,1,0,0.0,0.0,0.5,0.5,0.0,0.0,
5,0,10,6,2,0.0,0.0,-1.0,0.6142857142857142,-1.0,-0.3952847075210474,0.09999999999999998
