,tp,fp,tn,fn,precision,recall,accuracy,inspection_rate,f1_score,mcc,auc_roc
0,,,,,,,,,,,
1,0.0,1.0,0.0,0.0,0.0,0.0,0.0,1.0,0.0,0.0,
2,0.0,1.0,1.0,0.0,0.0,0.0,0.5,0.5,0.0,0.0,
3,2.0,0.0,4.0,0.0,1.0,1.0,1.0,0.3333333333333333,1.0,1.0,1.0
4,0.0,1.0,1.0,0.0,0.0,0.0,0.5,0.5,0.0,0.0,
5,2.0,3.0,6.0,0.0,0.4,1.0,0.7272727272727273,0.5833333333333333,0.5714285714285715,0.5163977794943223,1.0
