,tp,fp,tn,fn,precision,recall,accuracy,inspection_rate,f1_score,mcc,auc_roc
0,,,,,,,,,,,
1,,,,,,,,,,,
2,0.0,0.0,1.0,1.0,0.0,0.0,0.5,0.0,0.0,0.0,1.0
3,0.0,1.0,5.0,0.0,0.0,0.0,0.8333333333333334,0.16666666666666666,0.0,0.0,
4,,,,,,,,,,,
5,0.0,1.0,6.0,1.0,0.0,0.0,-1.0,0.08333333333333333,-1.0,-0.14285714285714285,1.0
