,tp,fp,tn,fn,precision,recall,accuracy,inspection_rate,f1_score,mcc,auc_roc
0,4.0,0.0,0.0,6.0,1.0,0.4,0.4,0.4,0.5714285714285714,0.0,
1,0.0,1.0,0.0,0.0,0.0,0.0,0.0,1.0,0.0,0.0,
2,0.0,0.0,0.0,1.0,0.0,0.0,0.0,0.0,0.0,0.0,
3,,,,,,,,,,,
4,0.0,0.0,0.0,1.0,0.0,0.0,0.0,0.0,0.0,0.0,
5,0.0,2.0,2.0,1.0,0.0,0.0,0.4,0.4,0.0,-0.4082482904638631,0.0
6,4.0,3.0,2.0,9.0,0.5714285714285714,0.3076923076923077,0.3333333333333333,0.36,0.4,-0.26856632724128343,0.0
