,tp,fp,tn,fn,precision,recall,accuracy,inspection_rate,f1_score,mcc,auc_roc
0,0.0,4.0,2.0,0.0,0.0,0.0,0.3333333333333333,0.6666666666666666,0.0,0.0,
1,0.0,0.0,0.0,1.0,0.0,0.0,0.0,0.0,0.0,0.0,
2,,,,,,,,,,,
3,0.0,3.0,1.0,1.0,0.0,0.0,0.2,0.6,0.0,-0.6123724356957946,0.125
4,0.0,5.0,0.0,0.0,0.0,0.0,0.0,1.0,0.0,0.0,
5,0.0,0.0,0.0,1.0,0.0,0.0,0.0,0.0,0.0,0.0,
6,0.0,12.0,3.0,3.0,0.0,0.0,-1.0,0.4533333333333333,-1.0,-0.6324555320336759,0.125
