,tp,fp,tn,fn,precision,recall,accuracy,inspection_rate,f1_score,mcc,auc_roc
0,0.0,1.0,2.0,0.0,0.0,0.0,0.6666666666666666,0.3333333333333333,0.0,0.0,
1,,,,,,,,,,,
2,0.0,1.0,2.0,0.0,0.0,-1.0,0.6666666666666666,0.3333333333333333,0.0,-1.0,
