,tp,fp,tn,fn,precision,recall,accuracy,inspection_rate,f1_score,mcc,auc_roc
0,1.0,1.0,1.0,0.0,0.5,1.0,0.6666666666666666,0.6666666666666666,0.6666666666666666,0.5,1.0
1,,,,,,,,,,,
2,0.0,1.0,1.0,0.0,0.0,0.0,0.5,0.5,0.0,0.0,
3,0.0,1.0,2.0,0.0,0.0,0.0,0.6666666666666666,0.3333333333333333,0.0,0.0,
4,,,,,,,,,,,
5,1.0,3.0,4.0,0.0,0.25,1.0,0.625,0.49999999999999994,0.4,0.3779644730092272,1.0
