,tp,fp,tn,fn,precision,recall,accuracy,inspection_rate,f1_score,mcc,auc_roc
0,1.0,1.0,1.0,0.0,0.5,1.0,0.6666666666666666,0.6666666666666666,0.6666666666666666,0.5,1.0
1,,,,,,,,,,,
2,1.0,0.0,1.0,0.0,1.0,1.0,1.0,0.5,1.0,1.0,1.0
3,0.0,1.0,2.0,0.0,0.0,0.0,0.6666666666666666,0.3333333333333333,0.0,0.0,
4,1.0,1.0,4.0,2.0,0.5,0.3333333333333333,0.625,0.25,0.4,0.14907119849998599,0.5666666666666667
5,3.0,3.0,8.0,2.0,0.5,0.6,0.6875,0.43749999999999994,0.5454545454545454,0.3133397807202561,0.8555555555555555
