,tp,fp,tn,fn,precision,recall,accuracy,inspection_rate,f1_score,mcc,auc_roc
0,2,2,1,2,0.5,0.5,0.42857142857142855,0.5714285714285714,0.5,-0.16666666666666666,0.4166666666666667
1,1,3,0,0,0.25,1.0,0.25,1.0,0.4,0.0,0.6666666666666667
2,1,1,2,0,0.5,1.0,0.75,0.5,0.6666666666666666,0.5773502691896258,0.6666666666666667
3,0,1,0,0,0.0,0.0,0.0,1.0,0.0,0.0,
4,0,1,0,1,0.0,0.0,0.0,0.5,0.0,-1.0,0.0
5,4,8,3,3,0.3333333333333333,0.5714285714285714,0.3888888888888889,0.7142857142857142,0.4210526315789474,-0.16116459280507606,0.43750000000000006
