,tp,fp,tn,fn,precision,recall,accuracy,inspection_rate,f1_score,mcc,auc_roc
0,0.0,1.0,4.0,2.0,0.0,0.0,0.5714285714285714,0.14285714285714285,0.0,-0.2581988897471611,0.19999999999999996
1,0.0,3.0,1.0,0.0,0.0,0.0,0.25,0.75,0.0,0.0,
2,0.0,2.0,2.0,0.0,0.0,0.0,0.5,0.5,0.0,0.0,
3,,,,,,,,,,,
4,0.0,1.0,1.0,0.0,0.0,0.0,0.5,0.5,0.0,0.0,
5,0.0,7.0,8.0,2.0,0.0,0.0,-1.0,0.4732142857142857,-1.0,-0.3055050463303894,0.19999999999999996
