,tp,fp,tn,fn,precision,recall,accuracy,inspection_rate,f1_score,mcc,auc_roc
0,0.0,1.0,1.0,0.0,0.0,0.0,0.5,0.5,0.0,0.0,
1,,,,,,,,,,,
2,,,,,,,,,,,
3,0.0,1.0,1.0,0.0,0.0,0.0,0.5,0.5,0.0,0.0,
4,0.0,1.0,5.0,0.0,0.0,0.0,0.8333333333333334,0.16666666666666666,0.0,0.0,
5,0.0,3.0,7.0,0.0,0.0,-1.0,0.7,0.3888888888888889,0.0,-1.0,
