,tp,fp,tn,fn,precision,recall,accuracy,inspection_rate,f1_score,mcc,auc_roc
0,1.0,1.0,1.0,0.0,0.5,1.0,0.6666666666666666,0.6666666666666666,0.6666666666666666,0.5,1.0
1,,,,,,,,,,,
2,1.0,0.0,1.0,0.0,1.0,1.0,1.0,0.5,1.0,1.0,1.0
3,0.0,1.0,2.0,0.0,0.0,0.0,0.6666666666666666,0.3333333333333333,0.0,0.0,
4,1.0,2.0,3.0,2.0,0.3333333333333333,0.3333333333333333,0.5,0.375,0.3333333333333333,-0.06666666666666667,0.5333333333333332
5,3.0,4.0,7.0,2.0,0.42857142857142855,0.6,0.625,0.46874999999999994,0.5,0.22084711628963774,0.8444444444444444
