,tp,fp,tn,fn,precision,recall,accuracy,inspection_rate,f1_score,mcc,auc_roc
0,1.0,0.0,0.0,1.0,1.0,0.5,0.5,0.5,0.6666666666666666,0.0,
1,,,,,,,,,,,
2,0.0,0.0,0.0,2.0,0.0,0.0,0.0,0.0,0.0,0.0,
3,1.0,0.0,0.0,1.0,1.0,0.5,0.5,0.5,0.6666666666666666,0.0,
4,2.0,2.0,0.0,2.0,0.5,0.5,0.3333333333333333,0.6666666666666666,0.5,-0.5,0.25
5,4.0,2.0,0.0,6.0,0.6666666666666666,0.4,0.3333333333333333,0.41666666666666663,0.5,-0.4472135954999579,0.25
