,tp,fp,tn,fn,precision,recall,accuracy,inspection_rate,f1_score,mcc,auc_roc
0,3.0,0.0,0.0,7.0,1.0,0.3,0.3,0.3,0.46153846153846156,0.0,
1,0.0,1.0,0.0,0.0,0.0,0.0,0.0,1.0,0.0,0.0,
2,,,,,,,,,,,
3,,,,,,,,,,,
4,,,,,,,,,,,
5,1.0,4.0,0.0,0.0,0.2,1.0,0.2,1.0,0.3333333333333333,0.0,0.5
6,4.0,5.0,0.0,7.0,0.4444444444444444,0.36363636363636365,0.25,0.7666666666666666,0.39999999999999997,-0.5945883900105632,0.5
