,tp,fp,tn,fn,precision,recall,accuracy,inspection_rate,f1_score,mcc,auc_roc
0,2,1,3,4,0.6666666666666666,0.3333333333333333,0.5,0.3,0.4444444444444444,0.0890870806374748,0.5416666666666666
1,0,1,0,0,0.0,0.0,0.0,1.0,0.0,0.0,
2,0,1,0,0,0.0,0.0,0.0,1.0,0.0,0.0,
3,0,1,0,0,0.0,0.0,0.0,1.0,0.0,0.0,
4,0,1,0,0,0.0,0.0,0.0,1.0,0.0,0.0,
5,0,5,0,0,0.0,0.0,0.0,1.0,0.0,0.0,
6,2,10,3,4,0.16666666666666666,0.3333333333333333,0.2631578947368421,0.8833333333333333,0.2222222222222222,-0.4200412794412907,0.5416666666666666
