,tp,fp,tn,fn,precision,recall,accuracy,inspection_rate,f1_score,mcc,auc_roc
0,,,,,,,,,,,
1,,,,,,,,,,,
2,0.0,1.0,1.0,0.0,0.0,0.0,0.5,0.5,0.0,0.0,
3,2.0,4.0,0.0,0.0,0.3333333333333333,1.0,0.3333333333333333,1.0,0.5,0.0,0.5
4,0.0,2.0,0.0,0.0,0.0,0.0,0.0,1.0,0.0,0.0,
5,2.0,7.0,1.0,0.0,0.2222222222222222,1.0,0.3,0.8333333333333334,0.3636363636363636,0.16666666666666666,0.5
