,tp,fp,tn,fn,precision,recall,accuracy,inspection_rate,f1_score,mcc,auc_roc
0,0.0,1.0,2.0,0.0,0.0,0.0,0.6666666666666666,0.3333333333333333,0.0,0.0,
1,,,,,,,,,,,
2,,,,,,,,,,,
3,,,,,,,,,,,
4,0.0,0.0,2.0,1.0,0.0,0.0,0.6666666666666666,0.0,0.0,0.0,1.0
5,,,,,,,,,,,
6,,,,,,,,,,,
7,,,,,,,,,,,
8,0.0,0.0,2.0,1.0,0.0,0.0,0.6666666666666666,0.0,0.0,0.0,0.0
9,,,,,,,,,,,
10,,,,,,,,,,,
11,,,,,,,,,,,
12,0.0,1.0,6.0,2.0,0.0,0.0,-1.0,0.1111111111111111,-1.0,-0.1889822365046136,0.5
