,tp,fp,tn,fn,precision,recall,accuracy,inspection_rate,f1_score,mcc,auc_roc
0,0.0,1.0,0.0,0.0,0.0,0.0,0.0,1.0,0.0,0.0,
1,,,,,,,,,,,
2,1.0,0.0,0.0,1.0,1.0,0.5,0.5,0.5,0.6666666666666666,0.0,
3,2.0,1.0,1.0,2.0,0.6666666666666666,0.5,0.5,0.5,0.5714285714285714,0.0,0.75
4,1.0,1.0,0.0,0.0,0.5,1.0,0.5,1.0,0.6666666666666666,0.0,1.0
5,4.0,3.0,1.0,3.0,0.5714285714285714,0.5714285714285714,0.45454545454545453,0.75,0.5714285714285714,-0.17857142857142858,0.875
