,tp,fp,tn,fn,precision,recall,accuracy,inspection_rate,f1_score,mcc,auc_roc
0,1.0,0.0,0.0,1.0,1.0,0.5,0.5,0.5,0.6666666666666666,0.0,
1,,,,,,,,,,,
2,1.0,0.0,0.0,1.0,1.0,0.5,0.5,0.5,0.6666666666666666,0.0,
3,1.0,0.0,0.0,1.0,1.0,0.5,0.5,0.5,0.6666666666666666,0.0,
4,0.0,0.0,2.0,4.0,0.0,0.0,0.3333333333333333,0.0,0.0,0.0,0.125
5,3.0,0.0,2.0,7.0,1.0,0.3,0.4166666666666667,0.375,0.4615384615384615,0.25819888974716115,0.125
