,tp,fp,tn,fn,precision,recall,accuracy,inspection_rate,f1_score,mcc,auc_roc
0,0.0,3.0,4.0,0.0,0.0,0.0,0.5714285714285714,0.42857142857142855,0.0,0.0,
1,0.0,1.0,3.0,0.0,0.0,0.0,0.75,0.25,0.0,0.0,
2,0.0,2.0,2.0,0.0,0.0,0.0,0.5,0.5,0.0,0.0,
3,,,,,,,,,,,
4,0.0,1.0,1.0,0.0,0.0,0.0,0.5,0.5,0.0,0.0,
5,0.0,7.0,10.0,0.0,0.0,-1.0,0.5882352941176471,0.41964285714285715,0.0,-1.0,
