,tp,fp,tn,fn,precision,recall,accuracy,inspection_rate,f1_score,mcc,auc_roc
0,0,1,0,0,0.0,0.0,0.0,1.0,0.0,0.0,
1,0,1,0,0,0.0,0.0,0.0,1.0,0.0,0.0,
2,0,3,1,0,0.0,0.0,0.25,0.75,0.0,0.0,
3,0,2,1,0,0.0,0.0,0.3333333333333333,0.6666666666666666,0.0,0.0,
4,0,1,1,0,0.0,0.0,0.5,0.5,0.0,0.0,
5,0,4,0,0,0.0,0.0,0.0,1.0,0.0,0.0,
6,0,1,0,0,0.0,0.0,0.0,1.0,0.0,0.0,
7,0,1,0,0,0.0,0.0,0.0,1.0,0.0,0.0,
8,0,3,0,0,0.0,0.0,0.0,1.0,0.0,0.0,
9,0,17,3,0,0.0,-1.0,0.15,0.8796296296296295,0.0,-1.0,
