,tp,fp,tn,fn,precision,recall,accuracy,inspection_rate,f1_score,mcc,auc_roc
0,0,1,1,0,0.0,0.0,0.5,0.5,0.0,0.0,
1,2,4,1,1,0.3333333333333333,0.6666666666666666,0.375,0.75,0.4444444444444444,-0.14907119849998599,0.43333333333333324
2,0,1,1,0,0.0,0.0,0.5,0.5,0.0,0.0,
3,0,0,1,2,0.0,0.0,0.3333333333333333,0.0,0.0,0.0,0.5
4,0,2,1,0,0.0,0.0,0.3333333333333333,0.6666666666666666,0.0,0.0,
5,2,8,5,3,0.2,0.4,0.3888888888888889,0.4833333333333333,0.26666666666666666,-0.1941450686788302,0.4666666666666666
