,tp,fp,tn,fn,precision,recall,accuracy,inspection_rate,f1_score,mcc,auc_roc
0,1.0,1.0,2.0,3.0,0.5,0.25,0.42857142857142855,0.2857142857142857,0.3333333333333333,-0.09128709291752768,0.5
1,1.0,3.0,0.0,0.0,0.25,1.0,0.25,1.0,0.4,0.0,0.6666666666666667
2,1.0,1.0,2.0,0.0,0.5,1.0,0.75,0.5,0.6666666666666666,0.5773502691896258,0.6666666666666667
3,,,,,,,,,,,
4,0.0,1.0,0.0,1.0,0.0,0.0,0.0,0.5,0.0,-1.0,0.0
5,3.0,6.0,4.0,4.0,0.3333333333333333,0.42857142857142855,0.4117647058823529,0.5714285714285714,0.375,-0.1690308509457033,0.45833333333333337
