,tp,fp,tn,fn,precision,recall,accuracy,inspection_rate,f1_score,mcc,auc_roc
0,0.0,2.0,3.0,2.0,0.0,0.0,0.42857142857142855,0.2857142857142857,0.0,-0.4,0.3
1,0.0,4.0,0.0,0.0,0.0,0.0,0.0,1.0,0.0,0.0,
2,0.0,4.0,0.0,0.0,0.0,0.0,0.0,1.0,0.0,0.0,
3,0.0,1.0,0.0,0.0,0.0,0.0,0.0,1.0,0.0,0.0,
4,,,,,,,,,,,
5,0.0,11.0,3.0,2.0,0.0,0.0,-1.0,0.8214285714285714,-1.0,-0.5606119105813882,0.3
