,tp,fp,tn,fn,precision,recall,accuracy,inspection_rate,f1_score,mcc,auc_roc
0,1.0,0.0,1.0,4.0,1.0,0.2,0.3333333333333333,0.16666666666666666,0.3333333333333333,0.2,0.6
1,,,,,,,,,,,
2,7.0,2.0,0.0,3.0,0.7777777777777778,0.7,0.5833333333333334,0.75,0.7368421052631579,-0.25819888974716115,0.35
3,4.0,0.0,1.0,0.0,1.0,1.0,1.0,0.8,1.0,1.0,1.0
4,1.0,1.0,0.0,1.0,0.5,0.5,0.3333333333333333,0.6666666666666666,0.5,-0.5,0.25
5,13.0,3.0,2.0,8.0,0.8125,0.6190476190476191,0.5769230769230769,0.5958333333333333,0.7027027027027026,0.015430334996209192,0.55
