,tp,fp,tn,fn,precision,recall,accuracy,inspection_rate,f1_score,mcc,auc_roc
0,0,1,0,0,0.0,0.0,0.0,1.0,0.0,0.0,
1,0,1,0,0,0.0,0.0,0.0,1.0,0.0,0.0,
2,1,0,0,1,1.0,0.5,0.5,0.5,0.6666666666666666,0.0,
3,1,0,2,3,1.0,0.25,0.5,0.16666666666666666,0.4,0.31622776601683794,0.9375
4,0,1,0,1,0.0,0.0,0.0,0.5,0.0,-1.0,0.0
5,2,3,2,5,0.4,0.2857142857142857,0.3333333333333333,0.6333333333333333,0.3333333333333333,-0.3142857142857143,0.46875
