,tp,fp,tn,fn,precision,recall,accuracy,inspection_rate,f1_score,mcc,auc_roc
0,,,,,,,,,,,
1,,,,,,,,,,,
2,1.0,0.0,1.0,0.0,1.0,1.0,1.0,0.5,1.0,1.0,1.0
3,0.0,1.0,3.0,2.0,0.0,0.0,0.5,0.16666666666666666,0.0,-0.31622776601683794,0.375
4,0.0,1.0,1.0,0.0,0.0,0.0,0.5,0.5,0.0,0.0,
5,1.0,2.0,5.0,2.0,0.3333333333333333,0.3333333333333333,0.6,0.38888888888888884,0.3333333333333333,0.047619047619047616,0.6875
