,tp,fp,tn,fn,precision,recall,accuracy,inspection_rate,f1_score,mcc,auc_roc
0,0,1,2,4,0.0,0.0,0.2857142857142857,0.14285714285714285,0.0,-0.47140452079103173,0.33333333333333337
1,0,3,0,1,0.0,0.0,0.0,0.75,0.0,-1.0,0.0
2,0,0,3,1,0.0,0.0,0.75,0.0,0.0,0.0,0.0
3,0,1,0,0,0.0,0.0,0.0,1.0,0.0,0.0,
4,0,1,0,1,0.0,0.0,0.0,0.5,0.0,-1.0,0.0
5,0,6,5,7,0.0,0.0,-1.0,0.47857142857142854,-1.0,-0.5640760748177662,0.08333333333333334
