,tp,fp,tn,fn,precision,recall,accuracy,inspection_rate,f1_score,mcc,auc_roc
0,0,1,0,0,0.0,0.0,0.0,1.0,0.0,0.0,
1,0,1,0,0,0.0,0.0,0.0,1.0,0.0,0.0,
2,1,0,1,0,1.0,1.0,1.0,0.5,1.0,1.0,1.0
3,1,2,2,1,0.3333333333333333,0.5,0.5,0.5,0.4,0.0,0.5
4,0,1,1,0,0.0,0.0,0.5,0.5,0.0,0.0,
5,2,5,4,1,0.2857142857142857,0.6666666666666666,0.5,0.7,0.4,0.09759000729485331,0.75
