,tp,fp,tn,fn,precision,recall,accuracy,inspection_rate,f1_score,mcc,auc_roc
0,0.0,1.0,1.0,0.0,0.0,0.0,0.5,0.5,0.0,0.0,
1,1.0,5.0,1.0,1.0,0.16666666666666666,0.5,0.25,0.75,0.25,-0.3333333333333333,0.25
2,0.0,1.0,1.0,0.0,0.0,0.0,0.5,0.5,0.0,0.0,
3,2.0,0.0,1.0,0.0,1.0,1.0,1.0,0.6666666666666666,1.0,1.0,1.0
4,,,,,,,,,,,
5,3.0,7.0,4.0,1.0,0.3,0.75,0.4666666666666667,0.6041666666666666,0.4285714285714285,0.10660035817780521,0.625
