,tp,fp,tn,fn,precision,recall,accuracy,inspection_rate,f1_score,mcc,auc_roc
0,1.0,0.0,2.0,0.0,1.0,1.0,1.0,0.3333333333333333,1.0,1.0,1.0
1,,,,,,,,,,,
2,0.0,1.0,1.0,0.0,0.0,0.0,0.5,0.5,0.0,0.0,
3,0.0,1.0,2.0,0.0,0.0,0.0,0.6666666666666666,0.3333333333333333,0.0,0.0,
4,0.0,4.0,4.0,0.0,0.0,0.0,0.5,0.5,0.0,0.0,
5,1.0,6.0,9.0,0.0,0.14285714285714285,1.0,0.625,0.41666666666666663,0.25,0.29277002188455997,1.0
