,tp,fp,tn,fn,precision,recall,accuracy,inspection_rate,f1_score,mcc,auc_roc
0,,,,,,,,,,,
1,,,,,,,,,,,
2,0.0,1.0,1.0,0.0,0.0,0.0,0.5,0.5,0.0,0.0,
3,,,,,,,,,,,
4,0.0,1.0,1.0,0.0,0.0,0.0,0.5,0.5,0.0,0.0,
5,,,,,,,,,,,
6,,,,,,,,,,,
7,0.0,2.0,1.0,0.0,0.0,0.0,0.3333333333333333,0.6666666666666666,0.0,0.0,
8,,,,,,,,,,,
9,0.0,4.0,3.0,0.0,0.0,-1.0,0.42857142857142855,0.5555555555555555,0.0,-1.0,
