,tp,fp,tn,fn,precision,recall,accuracy,inspection_rate,f1_score,mcc,auc_roc
0,1.0,0.0,1.0,4.0,1.0,0.2,0.3333333333333333,0.16666666666666666,0.3333333333333333,0.2,1.0
1,,,,,,,,,,,
2,6.0,2.0,0.0,4.0,0.75,0.6,0.5,0.6666666666666666,0.6666666666666666,-0.31622776601683794,0.45
3,3.0,0.0,1.0,1.0,1.0,0.75,0.8,0.6,0.8571428571428571,0.6123724356957946,1.0
4,1.0,1.0,0.0,1.0,0.5,0.5,0.3333333333333333,0.6666666666666666,0.5,-0.5,0.5
5,11.0,3.0,2.0,10.0,0.7857142857142857,0.5238095238095238,0.5,0.5249999999999999,0.6285714285714286,-0.06023386019368342,0.7375
