,tp,fp,tn,fn,precision,recall,accuracy,inspection_rate,f1_score,mcc,auc_roc
0,0,1,1,0,0.0,0.0,0.5,0.5,0.0,0.0,
1,1,5,1,1,0.16666666666666666,0.5,0.25,0.75,0.25,-0.3333333333333333,0.3333333333333333
2,0,2,0,0,0.0,0.0,0.0,1.0,0.0,0.0,
3,2,1,0,0,0.6666666666666666,1.0,0.6666666666666666,1.0,0.8,0.0,0.5
4,0,3,0,0,0.0,0.0,0.0,1.0,0.0,0.0,
5,3,12,2,1,0.2,0.75,0.2777777777777778,0.85,0.31578947368421056,-0.11952286093343938,0.41666666666666663
