,tp,fp,tn,fn,precision,recall,accuracy,inspection_rate,f1_score,mcc,auc_roc
0,0,1,2,0,0.0,0.0,0.6666666666666666,0.3333333333333333,0.0,0.0,
1,0,1,0,0,0.0,0.0,0.0,1.0,0.0,0.0,
2,0,1,1,0,0.0,0.0,0.5,0.5,0.0,0.0,
3,0,1,2,0,0.0,0.0,0.6666666666666666,0.3333333333333333,0.0,0.0,
4,0,6,2,0,0.0,0.0,0.25,0.75,0.0,0.0,
5,0,10,7,0,0.0,-1.0,0.4117647058823529,0.5833333333333333,0.0,-1.0,
