,tp,fp,tn,fn,precision,recall,accuracy,inspection_rate,f1_score,mcc,auc_roc
0,0.0,4.0,2.0,0.0,0.0,0.0,0.3333333333333333,0.6666666666666666,0.0,0.0,
1,,,,,,,,,,,
2,,,,,,,,,,,
3,0.0,1.0,4.0,0.0,0.0,0.0,0.8,0.2,0.0,0.0,
4,0.0,1.0,4.0,0.0,0.0,0.0,0.8,0.2,0.0,0.0,
5,0.0,1.0,0.0,0.0,0.0,0.0,0.0,1.0,0.0,0.0,
6,0.0,7.0,10.0,0.0,0.0,-1.0,0.5882352941176471,0.5166666666666666,0.0,-1.0,
