,tp,fp,tn,fn,precision,recall,accuracy,inspection_rate,f1_score,mcc,auc_roc
0,3.0,0.0,0.0,7.0,1.0,0.3,0.3,0.3,0.46153846153846156,0.0,
1,0.0,1.0,0.0,0.0,0.0,0.0,0.0,1.0,0.0,0.0,
2,,,,,,,,,,,
3,0.0,1.0,0.0,0.0,0.0,0.0,0.0,1.0,0.0,0.0,
4,,,,,,,,,,,
5,1.0,0.0,4.0,0.0,1.0,1.0,1.0,0.2,1.0,1.0,1.0
6,4.0,2.0,4.0,7.0,0.6666666666666666,0.36363636363636365,0.47058823529411764,0.625,0.4705882352941177,0.030303030303030304,1.0
