,tp,fp,tn,fn,precision,recall,accuracy,inspection_rate,f1_score,mcc,auc_roc
0,0.0,4.0,1.0,2.0,0.0,0.0,0.14285714285714285,0.5714285714285714,0.0,-0.7302967433402214,0.09999999999999998
1,,,,,,,,,,,
2,0.0,2.0,2.0,0.0,0.0,0.0,0.5,0.5,0.0,0.0,
3,0.0,1.0,0.0,0.0,0.0,0.0,0.0,1.0,0.0,0.0,
4,0.0,1.0,1.0,0.0,0.0,0.0,0.5,0.5,0.0,0.0,
5,0.0,8.0,4.0,2.0,0.0,0.0,-1.0,0.6428571428571428,-1.0,-0.47140452079103173,0.09999999999999998
