,tp,fp,tn,fn,precision,recall,accuracy,inspection_rate,f1_score,mcc,auc_roc
0,0,1,5,0,0.0,0.0,0.8333333333333334,0.16666666666666666,0.0,0.0,
1,0,0,0,1,0.0,0.0,0.0,0.0,0.0,0.0,
2,0,1,10,1,0.0,0.0,0.8333333333333334,0.08333333333333333,0.0,-0.09090909090909091,0.9090909090909091
3,0,1,3,1,0.0,0.0,0.6,0.2,0.0,-0.25,0.25
4,0,1,2,0,0.0,0.0,0.6666666666666666,0.3333333333333333,0.0,0.0,
5,0,4,20,3,0.0,0.0,-1.0,0.15666666666666668,-1.0,-0.14744195615489714,0.5795454545454546
