,tp,fp,tn,fn,precision,recall,accuracy,inspection_rate,f1_score,mcc,auc_roc
0,0.0,6.0,0.0,0.0,0.0,0.0,0.0,1.0,0.0,0.0,
1,0.0,0.0,0.0,1.0,0.0,0.0,0.0,0.0,0.0,0.0,
2,0.0,0.0,0.0,1.0,0.0,0.0,0.0,0.0,0.0,0.0,
3,1.0,0.0,4.0,0.0,1.0,1.0,1.0,0.2,1.0,1.0,1.0
4,,,,,,,,,,,
5,0.0,0.0,0.0,1.0,0.0,0.0,0.0,0.0,0.0,0.0,
6,1.0,6.0,4.0,3.0,0.14285714285714285,0.25,0.35714285714285715,0.24,0.18181818181818182,-0.31622776601683794,1.0
