,tp,fp,tn,fn,precision,recall,accuracy,inspection_rate,f1_score,mcc,auc_roc
0,0,1,0,0,0.0,0.0,0.0,1.0,0.0,0.0,
1,0,2,0,0,0.0,0.0,0.0,1.0,0.0,0.0,
2,0,1,0,0,0.0,0.0,0.0,1.0,0.0,0.0,
3,0,1,0,0,0.0,0.0,0.0,1.0,0.0,0.0,
4,0,1,0,0,0.0,0.0,0.0,1.0,0.0,0.0,
5,1,1,0,0,0.5,1.0,0.5,1.0,0.6666666666666666,0.0,1.0
6,0,1,0,0,0.0,0.0,0.0,1.0,0.0,0.0,
7,0,1,0,0,0.0,0.0,0.0,1.0,0.0,0.0,
8,1,9,0,0,0.1,1.0,0.1,1.0,0.18181818181818182,-1.0,1.0
