,tp,fp,tn,fn,precision,recall,accuracy,inspection_rate,f1_score,mcc,auc_roc
0,0,1,0,0,0.0,0.0,0.0,1.0,0.0,0.0,
1,0,1,0,0,0.0,0.0,0.0,1.0,0.0,0.0,
2,0,1,1,0,0.0,0.0,0.5,0.5,0.0,0.0,
3,1,2,3,0,0.3333333333333333,1.0,0.6666666666666666,0.5,0.5,0.4472135954999579,1.0
4,1,0,1,0,1.0,1.0,1.0,0.5,1.0,1.0,1.0
5,2,5,5,0,0.2857142857142857,1.0,0.5833333333333334,0.7,0.4444444444444445,0.37796447300922725,1.0
