,tp,fp,tn,fn,precision,recall,accuracy,inspection_rate,f1_score,mcc,auc_roc
0,0,1,1,0,0.0,0.0,0.5,0.5,0.0,0.0,
1,2,2,3,1,0.5,0.6666666666666666,0.625,0.5,0.5714285714285714,0.2581988897471611,0.7333333333333333
2,0,1,1,0,0.0,0.0,0.5,0.5,0.0,0.0,
3,2,0,1,0,1.0,1.0,1.0,0.6666666666666666,1.0,1.0,1.0
4,0,1,2,0,0.0,0.0,0.6666666666666666,0.3333333333333333,0.0,0.0,
5,4,5,8,1,0.4444444444444444,0.8,0.6666666666666666,0.5,0.5714285714285714,0.3721042037676254,0.8666666666666667
