,tp,fp,tn,fn,precision,recall,accuracy,inspection_rate,f1_score,mcc,auc_roc
0,,,,,,,,,,,
1,,,,,,,,,,,
2,0.0,0.0,1.0,1.0,0.0,0.0,0.5,0.0,0.0,0.0,1.0
3,1.0,1.0,3.0,1.0,0.5,0.5,0.6666666666666666,0.3333333333333333,0.5,0.25,0.75
4,0.0,1.0,1.0,0.0,0.0,0.0,0.5,0.5,0.0,0.0,
5,1.0,2.0,5.0,2.0,0.3333333333333333,0.3333333333333333,0.6,0.27777777777777773,0.3333333333333333,0.047619047619047616,0.875
