,tp,fp,tn,fn,precision,recall,accuracy,inspection_rate,f1_score,mcc,auc_roc
0,0,1,1,0,0.0,0.0,0.5,0.5,0.0,0.0,
1,0,4,4,0,0.0,0.0,0.5,0.5,0.0,0.0,
2,0,1,1,0,0.0,0.0,0.5,0.5,0.0,0.0,
3,0,2,1,0,0.0,0.0,0.3333333333333333,0.6666666666666666,0.0,0.0,
4,0,2,1,0,0.0,0.0,0.3333333333333333,0.6666666666666666,0.0,0.0,
5,0,10,8,0,0.0,-1.0,0.4444444444444444,0.5666666666666667,0.0,-1.0,
