,tp,fp,tn,fn,precision,recall,accuracy,inspection_rate,f1_score,mcc,auc_roc
0,0.0,1.0,3.0,0.0,0.0,0.0,0.75,0.25,0.0,0.0,
1,,,,,,,,,,,
2,,,,,,,,,,,
3,,,,,,,,,,,
4,0.0,2.0,0.0,0.0,0.0,0.0,0.0,1.0,0.0,0.0,
5,0.0,1.0,8.0,0.0,0.0,0.0,0.8888888888888888,0.1111111111111111,0.0,0.0,
6,,,,,,,,,,,
7,0.0,4.0,14.0,0.0,0.0,0.0,0.7777777777777778,0.2222222222222222,0.0,0.0,
8,,,,,,,,,,,
9,,,,,,,,,,,
10,,,,,,,,,,,
11,,,,,,,,,,,
12,0.0,8.0,25.0,0.0,0.0,-1.0,0.7575757575757576,0.39583333333333337,0.0,-1.0,
