,tp,fp,tn,fn,precision,recall,accuracy,inspection_rate,f1_score,mcc,auc_roc
0,1.0,1.0,3.0,1.0,0.5,0.5,0.6666666666666666,0.3333333333333333,0.5,0.25,0.625
1,,,,,,,,,,,
2,,,,,,,,,,,
3,0.0,1.0,0.0,0.0,0.0,0.0,0.0,1.0,0.0,0.0,
4,,,,,,,,,,,
5,,,,,,,,,,,
6,0.0,0.0,2.0,1.0,0.0,0.0,0.6666666666666666,0.0,0.0,0.0,1.0
7,,,,,,,,,,,
8,,,,,,,,,,,
9,,,,,,,,,,,
10,1.0,2.0,5.0,2.0,0.3333333333333333,0.3333333333333333,0.6,0.4444444444444444,0.3333333333333333,0.047619047619047616,0.8125
