,tp,fp,tn,fn,precision,recall,accuracy,inspection_rate,f1_score,mcc,auc_roc
0,0.0,1.0,0.0,0.0,0.0,0.0,0.0,1.0,0.0,0.0,
1,0.0,1.0,0.0,0.0,0.0,0.0,0.0,1.0,0.0,0.0,
2,1.0,1.0,0.0,0.0,0.5,1.0,0.5,1.0,0.6666666666666666,0.0,0.5
3,0.0,0.0,4.0,2.0,0.0,0.0,0.6666666666666666,0.0,0.0,0.0,0.5
4,,,,,,,,,,,
5,1.0,3.0,4.0,2.0,0.25,0.3333333333333333,0.5,0.75,0.28571428571428575,-0.0890870806374748,0.5
