,tp,fp,tn,fn,precision,recall,accuracy,inspection_rate,f1_score,mcc,auc_roc
0,0,1,1,0,0.0,0.0,0.5,0.5,0.0,0.0,
1,1,0,5,2,1.0,0.3333333333333333,0.75,0.125,0.5,0.4879500364742666,0.8
2,0,1,1,0,0.0,0.0,0.5,0.5,0.0,0.0,
3,0,0,1,2,0.0,0.0,0.3333333333333333,0.0,0.0,0.0,1.0
4,0,2,1,0,0.0,0.0,0.3333333333333333,0.6666666666666666,0.0,0.0,
5,1,4,9,4,0.2,0.2,0.5555555555555556,0.3583333333333333,0.20000000000000004,-0.1076923076923077,0.9
