,tp,fp,tn,fn,precision,recall,accuracy,inspection_rate,f1_score,mcc,auc_roc
0,1.0,1.0,1.0,0.0,0.5,1.0,0.6666666666666666,0.6666666666666666,0.6666666666666666,0.5,0.75
1,,,,,,,,,,,
2,1.0,0.0,1.0,0.0,1.0,1.0,1.0,0.5,1.0,1.0,1.0
3,0.0,1.0,2.0,0.0,0.0,0.0,0.6666666666666666,0.3333333333333333,0.0,0.0,
4,3.0,5.0,0.0,0.0,0.375,1.0,0.375,1.0,0.5454545454545454,0.0,0.5
5,5.0,7.0,4.0,0.0,0.4166666666666667,1.0,0.5625,0.625,0.5882352941176471,0.3892494720807615,0.75
