,tp,fp,tn,fn,precision,recall,accuracy,inspection_rate,f1_score,mcc,auc_roc
0,0.0,4.0,1.0,2.0,0.0,0.0,0.14285714285714285,0.5714285714285714,0.0,-0.7302967433402214,0.19999999999999996
1,0.0,2.0,2.0,0.0,0.0,0.0,0.5,0.5,0.0,0.0,
2,0.0,2.0,2.0,0.0,0.0,0.0,0.5,0.5,0.0,0.0,
3,,,,,,,,,,,
4,0.0,1.0,1.0,0.0,0.0,0.0,0.5,0.5,0.0,0.0,
5,0.0,9.0,6.0,2.0,0.0,0.0,-1.0,0.5178571428571428,-1.0,-0.3872983346207417,0.19999999999999996
