,tp,fp,tn,fn,precision,recall,accuracy,inspection_rate,f1_score,mcc,auc_roc
0,0.0,1.0,0.0,0.0,0.0,0.0,0.0,1.0,0.0,0.0,
1,0.0,1.0,0.0,0.0,0.0,0.0,0.0,1.0,0.0,0.0,
2,1.0,0.0,1.0,0.0,1.0,1.0,1.0,0.5,1.0,1.0,1.0
3,0.0,2.0,4.0,0.0,0.0,0.0,0.6666666666666666,0.3333333333333333,0.0,0.0,
4,,,,,,,,,,,
5,1.0,4.0,5.0,0.0,0.2,1.0,0.6,0.7083333333333334,0.33333333333333337,0.3333333333333333,1.0
