,tp,fp,tn,fn,precision,recall,accuracy,inspection_rate,f1_score,mcc,auc_roc
0,0,3,3,0,0.0,0.0,0.5,0.5,0.0,0.0,
1,0,0,0,1,0.0,0.0,0.0,0.0,0.0,0.0,
2,1,5,6,0,0.16666666666666666,1.0,0.5833333333333334,0.5,0.2857142857142857,0.30151134457776363,0.9090909090909091
3,0,3,1,1,0.0,0.0,0.2,0.6,0.0,-0.6123724356957946,0.25
4,0,1,2,0,0.0,0.0,0.6666666666666666,0.3333333333333333,0.0,0.0,
5,1,12,12,2,0.07692307692307693,0.3333333333333333,0.48148148148148145,0.38666666666666666,0.125,-0.10482848367219183,0.5795454545454546
