,tp,fp,tn,fn,precision,recall,accuracy,inspection_rate,f1_score,mcc,auc_roc
0,1.0,0.0,2.0,0.0,1.0,1.0,1.0,0.3333333333333333,1.0,1.0,1.0
1,,,,,,,,,,,
2,0.0,1.0,1.0,0.0,0.0,0.0,0.5,0.5,0.0,0.0,
3,0.0,1.0,2.0,0.0,0.0,0.0,0.6666666666666666,0.3333333333333333,0.0,0.0,
4,0.0,1.0,7.0,0.0,0.0,0.0,0.875,0.125,0.0,0.0,
5,1.0,3.0,12.0,0.0,0.25,1.0,0.8125,0.32291666666666663,0.4,0.4472135954999579,1.0
