,tp,fp,tn,fn,precision,recall,accuracy,inspection_rate,f1_score,mcc,auc_roc
0,0,1,1,0,0.0,0.0,0.5,0.5,0.0,0.0,
1,0,2,6,0,0.0,0.0,0.75,0.25,0.0,0.0,
2,0,1,1,0,0.0,0.0,0.5,0.5,0.0,0.0,
3,0,1,2,0,0.0,0.0,0.6666666666666666,0.3333333333333333,0.0,0.0,
4,0,2,1,0,0.0,0.0,0.3333333333333333,0.6666666666666666,0.0,0.0,
5,0,7,11,0,0.0,-1.0,0.6111111111111112,0.45,0.0,-1.0,
