,tp,fp,tn,fn,precision,recall,accuracy,inspection_rate,f1_score,mcc,auc_roc
0,,,,,,,,,,,
1,0.0,0.0,0.0,2.0,0.0,0.0,0.0,0.0,0.0,0.0,
2,,,,,,,,,,,
3,0.0,1.0,0.0,0.0,0.0,0.0,0.0,1.0,0.0,0.0,
4,,,,,,,,,,,
5,1.0,0.0,0.0,1.0,1.0,0.5,0.5,0.5,0.6666666666666666,0.0,
6,0.0,1.0,0.0,0.0,0.0,0.0,0.0,1.0,0.0,0.0,
7,0.0,1.0,0.0,0.0,0.0,0.0,0.0,1.0,0.0,0.0,
8,1.0,3.0,0.0,3.0,0.25,0.25,0.14285714285714285,0.7,0.25,-0.75,
