,tp,fp,tn,fn,precision,recall,accuracy,inspection_rate,f1_score,mcc,auc_roc
0,3.0,0.0,1.0,2.0,1.0,0.6,0.6666666666666666,0.5,0.75,0.4472135954999579,0.6
1,,,,,,,,,,,
2,5.0,2.0,0.0,5.0,0.7142857142857143,0.5,0.4166666666666667,0.5833333333333334,0.5882352941176471,-0.37796447300922725,0.45
3,3.0,0.0,1.0,1.0,1.0,0.75,0.8,0.6,0.8571428571428571,0.6123724356957946,1.0
4,1.0,1.0,0.0,1.0,0.5,0.5,0.3333333333333333,0.6666666666666666,0.5,-0.5,0.5
5,12.0,3.0,2.0,9.0,0.8,0.5714285714285714,0.5384615384615384,0.5875,0.6666666666666666,-0.022792115291927588,0.6375
