,tp,fp,tn,fn,precision,recall,accuracy,inspection_rate,f1_score,mcc,auc_roc
0,,,,,,,,,,,
1,0.0,1.0,0.0,0.0,0.0,0.0,0.0,1.0,0.0,0.0,
2,1.0,0.0,0.0,1.0,1.0,0.5,0.5,0.5,0.6666666666666666,0.0,
3,2.0,1.0,1.0,2.0,0.6666666666666666,0.5,0.5,0.5,0.5714285714285714,0.0,0.25
4,0.0,1.0,0.0,1.0,0.0,0.0,0.0,0.5,0.0,-1.0,0.0
5,3.0,3.0,1.0,4.0,0.5,0.42857142857142855,0.36363636363636365,0.625,0.4615384615384615,-0.3105295017040594,0.125
