,tp,fp,tn,fn,precision,recall,accuracy,inspection_rate,f1_score,mcc,auc_roc
0,0.0,1.0,0.0,0.0,0.0,0.0,0.0,1.0,0.0,0.0,
1,,,,,,,,,,,
2,0.0,1.0,1.0,0.0,0.0,0.0,0.5,0.5,0.0,0.0,
3,1.0,0.0,4.0,1.0,1.0,0.5,0.8333333333333334,0.16666666666666666,0.6666666666666666,0.6324555320336759,0.75
4,0.0,1.0,1.0,0.0,0.0,0.0,0.5,0.5,0.0,0.0,
5,1.0,3.0,6.0,1.0,0.25,0.5,0.6363636363636364,0.5416666666666667,0.3333333333333333,0.1336306209562122,0.75
