,tp,fp,tn,fn,precision,recall,accuracy,inspection_rate,f1_score,mcc,auc_roc
0,2,1,3,4,0.6666666666666666,0.3333333333333333,0.5,0.3,0.4444444444444444,0.0890870806374748,0.6666666666666666
1,0,1,0,0,0.0,0.0,0.0,1.0,0.0,0.0,
2,0,1,0,0,0.0,0.0,0.0,1.0,0.0,0.0,
3,0,1,0,0,0.0,0.0,0.0,1.0,0.0,0.0,
4,0,1,0,0,0.0,0.0,0.0,1.0,0.0,0.0,
5,0,1,4,0,0.0,0.0,0.8,0.2,0.0,0.0,
6,2,6,7,4,0.25,0.3333333333333333,0.47368421052631576,0.75,0.28571428571428575,-0.1207011373963169,0.6666666666666666
