,tp,fp,tn,fn,precision,recall,accuracy,inspection_rate,f1_score,mcc,auc_roc
0,1.0,0.0,0.0,1.0,1.0,0.5,0.5,0.5,0.6666666666666666,0.0,
1,0.0,1.0,0.0,0.0,0.0,0.0,0.0,1.0,0.0,0.0,
2,1.0,0.0,0.0,1.0,1.0,0.5,0.5,0.5,0.6666666666666666,0.0,
3,,,,,,,,,,,
4,2.0,2.0,0.0,2.0,0.5,0.5,0.3333333333333333,0.6666666666666666,0.5,-0.5,0.25
5,4.0,3.0,0.0,4.0,0.5714285714285714,0.5,0.36363636363636365,0.6666666666666666,0.5333333333333333,-0.4629100498862757,0.25
