,tp,fp,tn,fn,precision,recall,accuracy,inspection_rate,f1_score,mcc,auc_roc
0,0,1,0,0,0.0,0.0,0.0,1.0,0.0,0.0,
1,0,1,0,0,0.0,0.0,0.0,1.0,0.0,0.0,
2,0,1,0,1,0.0,0.0,0.0,0.5,0.0,-1.0,0.0
3,1,2,2,1,0.3333333333333333,0.5,0.5,0.5,0.4,0.0,0.625
4,0,1,1,0,0.0,0.0,0.5,0.5,0.0,0.0,
5,1,6,3,2,0.14285714285714285,0.3333333333333333,0.3333333333333333,0.7,0.2,-0.29277002188455997,0.3125
