,tp,fp,tn,fn,precision,recall,accuracy,inspection_rate,f1_score,mcc,auc_roc
0,0.0,3.0,3.0,0.0,0.0,0.0,0.5,0.5,0.0,0.0,
1,,,,,,,,,,,
2,1.0,7.0,4.0,0.0,0.125,1.0,0.4166666666666667,0.6666666666666666,0.2222222222222222,0.21320071635561041,0.9090909090909091
3,1.0,1.0,3.0,0.0,0.5,1.0,0.8,0.4,0.6666666666666666,0.6123724356957946,0.75
4,0.0,1.0,2.0,0.0,0.0,0.0,0.6666666666666666,0.3333333333333333,0.0,0.0,
5,2.0,12.0,12.0,0.0,0.14285714285714285,1.0,0.5384615384615384,0.4749999999999999,0.25,0.2672612419124244,0.8295454545454546
