,tp,fp,tn,fn,precision,recall,accuracy,inspection_rate,f1_score,mcc,auc_roc
0,0,1,1,0,0.0,0.0,0.5,0.5,0.0,0.0,
1,2,3,3,0,0.4,1.0,0.625,0.625,0.5714285714285714,0.4472135954999579,0.7916666666666667
2,0,1,1,0,0.0,0.0,0.5,0.5,0.0,0.0,
3,2,1,0,0,0.6666666666666666,1.0,0.6666666666666666,1.0,0.8,0.0,0.5
4,0,1,2,0,0.0,0.0,0.6666666666666666,0.3333333333333333,0.0,0.0,
5,4,7,7,0,0.36363636363636365,1.0,0.6111111111111112,0.5916666666666667,0.5333333333333333,0.4264014327112209,0.6458333333333334
