,tp,fp,tn,fn,precision,recall,accuracy,inspection_rate,f1_score,mcc,auc_roc
0,1.0,3.0,6.0,0.0,0.25,1.0,0.7,0.4,0.4,0.408248290463863,1.0
1,,,,,,,,,,,
2,0.0,0.0,0.0,1.0,0.0,0.0,0.0,0.0,0.0,0.0,
3,0.0,1.0,0.0,0.0,0.0,0.0,0.0,1.0,0.0,0.0,
4,0.0,1.0,0.0,0.0,0.0,0.0,0.0,1.0,0.0,0.0,
5,1.0,0.0,4.0,0.0,1.0,1.0,1.0,0.2,1.0,1.0,1.0
6,2.0,5.0,10.0,1.0,0.2857142857142857,0.6666666666666666,0.6666666666666666,0.52,0.4,0.2548235957188128,1.0
