,tp,fp,tn,fn,precision,recall,accuracy,inspection_rate,f1_score,mcc,auc_roc
0,0,3,2,2,0.0,0.0,0.2857142857142857,0.42857142857142855,0.0,-0.5477225575051661,0.19999999999999996
1,0,2,2,0,0.0,0.0,0.5,0.5,0.0,0.0,
2,0,2,2,0,0.0,0.0,0.5,0.5,0.0,0.0,
3,0,1,0,0,0.0,0.0,0.0,1.0,0.0,0.0,
4,0,1,1,0,0.0,0.0,0.5,0.5,0.0,0.0,
5,0,9,7,2,0.0,0.0,-1.0,0.5857142857142857,-1.0,-0.3535533905932738,0.19999999999999996
