,tp,fp,tn,fn,precision,recall,accuracy,inspection_rate,f1_score,mcc,auc_roc
0,,,,,,,,,,,
1,,,,,,,,,,,
2,0.0,1.0,1.0,0.0,0.0,0.0,0.5,0.5,0.0,0.0,
3,2.0,1.0,3.0,0.0,0.6666666666666666,1.0,0.8333333333333334,0.5,0.8,0.7071067811865476,1.0
4,,,,,,,,,,,
5,2.0,2.0,4.0,0.0,0.5,1.0,0.75,0.5,0.6666666666666666,0.5773502691896258,1.0
