,tp,fp,tn,fn,precision,recall,accuracy,inspection_rate,f1_score,mcc,auc_roc
0,0,1,5,0,0.0,0.0,0.8333333333333334,0.16666666666666666,0.0,0.0,
1,0,0,0,1,0.0,0.0,0.0,0.0,0.0,0.0,
2,1,4,7,0,0.2,1.0,0.6666666666666666,0.4166666666666667,0.3333333333333333,0.3567530340063379,0.9090909090909091
3,0,2,2,1,0.0,0.0,0.4,0.4,0.0,-0.4082482904638631,0.25
4,0,1,2,0,0.0,0.0,0.6666666666666666,0.3333333333333333,0.0,0.0,
5,1,8,16,2,0.1111111111111111,0.3333333333333333,0.6296296296296297,0.2633333333333333,0.16666666666666666,0.0,0.5795454545454546
