,tp,fp,tn,fn,precision,recall,accuracy,inspection_rate,f1_score,mcc,auc_roc
0,1,0,0,2,1.0,0.3333333333333333,0.3333333333333333,0.3333333333333333,0.5,0.0,
1,0,1,0,0,0.0,0.0,0.0,1.0,0.0,0.0,
2,1,1,0,2,0.5,0.3333333333333333,0.25,0.6666666666666666,0.4,-0.5773502691896258,
