,tp,fp,tn,fn,precision,recall,accuracy,inspection_rate,f1_score,mcc,auc_roc
0,0,1,6,0,0.0,0.0,0.8571428571428571,0.14285714285714285,0.0,0.0,
1,0,2,2,0,0.0,0.0,0.5,0.5,0.0,0.0,
2,0,2,2,0,0.0,0.0,0.5,0.5,0.0,0.0,
3,0,1,0,0,0.0,0.0,0.0,1.0,0.0,0.0,
4,0,1,1,0,0.0,0.0,0.5,0.5,0.0,0.0,
5,0,7,11,0,0.0,-1.0,0.6111111111111112,0.5285714285714286,0.0,-1.0,
