,tp,fp,tn,fn,precision,recall,accuracy,inspection_rate,f1_score,mcc,auc_roc
0,0.0,1.0,0.0,0.0,0.0,0.0,0.0,1.0,0.0,0.0,
1,0.0,1.0,0.0,0.0,0.0,0.0,0.0,1.0,0.0,0.0,
2,0.0,0.0,1.0,1.0,0.0,0.0,0.5,0.0,0.0,0.0,0.5
3,2.0,4.0,0.0,0.0,0.3333333333333333,1.0,0.3333333333333333,1.0,0.5,0.0,0.5
4,,,,,,,,,,,
5,2.0,6.0,1.0,1.0,0.25,0.6666666666666666,0.3,0.75,0.36363636363636365,-0.2182178902359924,0.5
