,tp,fp,tn,fn,precision,recall,accuracy,inspection_rate,f1_score,mcc,auc_roc
0,0.0,1.0,0.0,0.0,0.0,0.0,0.0,1.0,0.0,0.0,
1,,,,,,,,,,,
2,0.0,2.0,0.0,0.0,0.0,0.0,0.0,1.0,0.0,0.0,
3,0.0,1.0,4.0,1.0,0.0,0.0,0.6666666666666666,0.16666666666666666,0.0,-0.2,0.8
4,,,,,,,,,,,
5,0.0,4.0,4.0,1.0,0.0,0.0,-1.0,0.7222222222222222,-1.0,-0.31622776601683794,0.8
