,tp,fp,tn,fn,precision,recall,accuracy,inspection_rate,f1_score,mcc,auc_roc
0,0.0,1.0,5.0,0.0,0.0,0.0,0.8333333333333334,0.16666666666666666,0.0,0.0,
1,,,,,,,,,,,
2,1.0,3.0,8.0,0.0,0.25,1.0,0.75,0.3333333333333333,0.4,0.42640143271122083,0.9090909090909091
3,0.0,1.0,3.0,1.0,0.0,0.0,0.6,0.2,0.0,-0.25,0.25
4,0.0,1.0,2.0,0.0,0.0,0.0,0.6666666666666666,0.3333333333333333,0.0,0.0,
5,1.0,6.0,18.0,1.0,0.14285714285714285,0.5,0.7307692307692307,0.2583333333333333,0.22222222222222224,0.15018785229652767,0.5795454545454546
