,tp,fp,tn,fn,precision,recall,accuracy,inspection_rate,f1_score,mcc,auc_roc
0,0,1,1,0,0.0,0.0,0.5,0.5,0.0,0.0,
1,2,5,1,0,0.2857142857142857,1.0,0.375,0.875,0.4444444444444444,0.2182178902359924,0.7083333333333334
2,0,1,1,0,0.0,0.0,0.5,0.5,0.0,0.0,
3,1,1,0,1,0.5,0.5,0.3333333333333333,0.6666666666666666,0.5,-0.5,0.5
4,0,1,2,0,0.0,0.0,0.6666666666666666,0.3333333333333333,0.0,0.0,
5,3,9,5,1,0.25,0.75,0.4444444444444444,0.575,0.375,0.0944911182523068,0.6041666666666667
