,tp,fp,tn,fn,precision,recall,accuracy,inspection_rate,f1_score,mcc,auc_roc
0,0,1,1,0,0.0,0.0,0.5,0.5,0.0,0.0,
1,2,4,1,1,0.3333333333333333,0.6666666666666666,0.375,0.75,0.4444444444444444,-0.14907119849998599,0.43333333333333324
2,0,1,1,0,0.0,0.0,0.5,0.5,0.0,0.0,
3,1,0,1,1,1.0,0.5,0.6666666666666666,0.3333333333333333,0.6666666666666666,0.5,0.75
4,0,1,2,0,0.0,0.0,0.6666666666666666,0.3333333333333333,0.0,0.0,
5,3,7,6,2,0.3,0.6,0.5,0.4833333333333334,0.4,0.05547001962252291,0.5916666666666666
