,tp,fp,tn,fn,precision,recall,accuracy,inspection_rate,f1_score,mcc,auc_roc
0,1.0,1.0,2.0,3.0,0.5,0.25,0.42857142857142855,0.2857142857142857,0.3333333333333333,-0.09128709291752768,0.4583333333333334
1,0.0,0.0,3.0,1.0,0.0,0.0,0.75,0.0,0.0,0.0,0.5
2,0.0,0.0,3.0,1.0,0.0,0.0,0.75,0.0,0.0,0.0,0.5
3,,,,,,,,,,,
4,0.0,0.0,1.0,1.0,0.0,0.0,0.5,0.0,0.0,0.0,0.5
5,1.0,1.0,9.0,6.0,0.5,0.14285714285714285,0.5882352941176471,0.07142857142857142,0.22222222222222224,0.06546536707079773,0.48958333333333337
