,tp,fp,tn,fn,precision,recall,accuracy,inspection_rate,f1_score,mcc,auc_roc
0,0,1,1,0,0.0,0.0,0.5,0.5,0.0,0.0,
1,2,1,5,0,0.6666666666666666,1.0,0.875,0.375,0.8,0.7453559924999299,0.9166666666666667
2,0,1,1,0,0.0,0.0,0.5,0.5,0.0,0.0,
3,2,1,0,0,0.6666666666666666,1.0,0.6666666666666666,1.0,0.8,0.0,0.5
4,0,1,2,0,0.0,0.0,0.6666666666666666,0.3333333333333333,0.0,0.0,
5,4,5,9,0,0.4444444444444444,1.0,0.7222222222222222,0.5416666666666667,0.6153846153846153,0.5345224838248488,0.7083333333333334
