,tp,fp,tn,fn,precision,recall,accuracy,inspection_rate,f1_score,mcc,auc_roc
0,1.0,0.0,2.0,0.0,1.0,1.0,1.0,0.3333333333333333,1.0,1.0,1.0
1,,,,,,,,,,,
2,1.0,0.0,1.0,0.0,1.0,1.0,1.0,0.5,1.0,1.0,1.0
3,0.0,1.0,2.0,0.0,0.0,0.0,0.6666666666666666,0.3333333333333333,0.0,0.0,
4,2.0,1.0,4.0,1.0,0.6666666666666666,0.6666666666666666,0.75,0.375,0.6666666666666666,0.4666666666666667,0.6
5,4.0,2.0,9.0,1.0,0.6666666666666666,0.8,0.8125,0.38541666666666663,0.7272727272727272,0.5918640302493726,0.8666666666666667
