,tp,fp,tn,fn,precision,recall,accuracy,inspection_rate,f1_score,mcc,auc_roc
0,1.0,0.0,2.0,0.0,1.0,1.0,1.0,0.3333333333333333,1.0,1.0,1.0
1,,,,,,,,,,,
2,1.0,0.0,1.0,0.0,1.0,1.0,1.0,0.5,1.0,1.0,1.0
3,0.0,1.0,2.0,0.0,0.0,0.0,0.6666666666666666,0.3333333333333333,0.0,0.0,
4,0.0,1.0,4.0,3.0,0.0,0.0,0.5,0.125,0.0,-0.29277002188455997,0.6
5,2.0,2.0,9.0,3.0,0.5,0.4,0.6875,0.32291666666666663,0.4444444444444445,0.23354968324845687,0.8666666666666667
