,tp,fp,tn,fn,precision,recall,accuracy,inspection_rate,f1_score,mcc,auc_roc
0,0,2,4,0,0.0,0.0,0.6666666666666666,0.3333333333333333,0.0,0.0,
1,0,0,0,1,0.0,0.0,0.0,0.0,0.0,0.0,
2,1,2,9,0,0.3333333333333333,1.0,0.8333333333333334,0.25,0.5,0.5222329678670935,0.9090909090909091
3,0,1,3,1,0.0,0.0,0.6,0.2,0.0,-0.25,0.0
4,0,1,2,0,0.0,0.0,0.6666666666666666,0.3333333333333333,0.0,0.0,
5,1,6,18,2,0.14285714285714285,0.3333333333333333,0.7037037037037037,0.2233333333333333,0.2,0.05976143046671969,0.45454545454545453
