,tp,fp,tn,fn,precision,recall,accuracy,inspection_rate,f1_score,mcc,auc_roc
0,0.0,1.0,1.0,0.0,0.0,0.0,0.5,0.5,0.0,0.0,
1,1.0,5.0,1.0,1.0,0.16666666666666666,0.5,0.25,0.75,0.25,-0.3333333333333333,0.25
2,,,,,,,,,,,
3,0.0,0.0,1.0,2.0,0.0,0.0,0.3333333333333333,0.0,0.0,0.0,1.0
4,0.0,1.0,2.0,0.0,0.0,0.0,0.6666666666666666,0.3333333333333333,0.0,0.0,
5,1.0,7.0,5.0,3.0,0.125,0.25,0.375,0.3958333333333333,0.16666666666666666,-0.2886751345948129,0.625
