,tp,fp,tn,fn,precision,recall,accuracy,inspection_rate,f1_score,mcc,auc_roc
0,0.0,4.0,2.0,0.0,0.0,0.0,0.3333333333333333,0.6666666666666666,0.0,0.0,
1,0.0,0.0,0.0,1.0,0.0,0.0,0.0,0.0,0.0,0.0,
2,,,,,,,,,,,
3,0.0,4.0,0.0,1.0,0.0,0.0,0.0,0.8,0.0,-1.0,0.0
4,0.0,5.0,0.0,0.0,0.0,0.0,0.0,1.0,0.0,0.0,
5,,,,,,,,,,,
6,0.0,13.0,2.0,2.0,0.0,0.0,-1.0,0.6166666666666667,-1.0,-0.6582805886043833,0.0
