,tp,fp,tn,fn,precision,recall,accuracy,inspection_rate,f1_score,mcc,auc_roc
0,0,1,1,0,0.0,0.0,0.5,0.5,0.0,0.0,
1,2,1,4,1,0.6666666666666666,0.6666666666666666,0.75,0.375,0.6666666666666666,0.4666666666666667,0.8
2,0,1,1,0,0.0,0.0,0.5,0.5,0.0,0.0,
3,2,0,1,0,1.0,1.0,1.0,0.6666666666666666,1.0,1.0,1.0
4,0,2,1,0,0.0,0.0,0.3333333333333333,0.6666666666666666,0.0,0.0,
5,4,5,8,1,0.4444444444444444,0.8,0.6666666666666666,0.5416666666666666,0.5714285714285714,0.3721042037676254,0.9
