,tp,fp,tn,fn,precision,recall,accuracy,inspection_rate,f1_score,mcc,auc_roc
0,3,0,1,2,1.0,0.6,0.6666666666666666,0.5,0.75,0.4472135954999579,1.0
1,0,0,0,1,0.0,0.0,0.0,0.0,0.0,0.0,
2,7,2,0,3,0.7777777777777778,0.7,0.5833333333333334,0.75,0.7368421052631579,-0.25819888974716115,0.6
3,3,0,1,1,1.0,0.75,0.8,0.6,0.8571428571428571,0.6123724356957946,1.0
4,1,1,0,1,0.5,0.5,0.3333333333333333,0.6666666666666666,0.5,-0.5,0.5
5,14,3,2,8,0.8235294117647058,0.6363636363636364,0.5925925925925926,0.5033333333333333,0.717948717948718,0.029250896965085225,0.775
