,tp,fp,tn,fn,precision,recall,accuracy,inspection_rate,f1_score,mcc,auc_roc
0,,,,,,,,,,,
1,0.0,1.0,0.0,0.0,0.0,0.0,0.0,1.0,0.0,0.0,
2,0.0,1.0,1.0,0.0,0.0,0.0,0.5,0.5,0.0,0.0,
3,1.0,3.0,2.0,0.0,0.25,1.0,0.5,0.6666666666666666,0.4,0.31622776601683794,0.8
4,1.0,0.0,1.0,0.0,1.0,1.0,1.0,0.5,1.0,1.0,1.0
5,2.0,5.0,4.0,0.0,0.2857142857142857,1.0,0.5454545454545454,0.6666666666666666,0.4444444444444445,0.3563483225498992,0.9
