,tp,fp,tn,fn,precision,recall,accuracy,inspection_rate,f1_score,mcc,auc_roc
0,4.0,0.0,0.0,6.0,1.0,0.4,0.4,0.4,0.5714285714285714,0.0,
1,0.0,1.0,0.0,0.0,0.0,0.0,0.0,1.0,0.0,0.0,
2,,,,,,,,,,,
3,,,,,,,,,,,
4,0.0,0.0,0.0,1.0,0.0,0.0,0.0,0.0,0.0,0.0,
5,1.0,3.0,1.0,0.0,0.25,1.0,0.4,0.8,0.4,0.25,0.5
6,5.0,4.0,1.0,7.0,0.5555555555555556,0.4166666666666667,0.35294117647058826,0.55,0.4761904761904762,-0.34993385618385614,0.5
