,tp,fp,tn,fn,precision,recall,accuracy,inspection_rate,f1_score,mcc,auc_roc
0,0.0,1.0,1.0,0.0,0.0,0.0,0.5,0.5,0.0,0.0,
1,0.0,0.0,0.0,1.0,0.0,0.0,0.0,0.0,0.0,0.0,
2,0.0,1.0,0.0,0.0,0.0,0.0,0.0,1.0,0.0,0.0,
3,1.0,1.0,0.0,0.0,0.5,1.0,0.5,1.0,0.6666666666666666,0.0,1.0
4,0.0,1.0,0.0,0.0,0.0,0.0,0.0,1.0,0.0,0.0,
5,0.0,0.0,0.0,1.0,0.0,0.0,0.0,0.0,0.0,0.0,
6,,,,,,,,,,,
7,0.0,0.0,0.0,1.0,0.0,0.0,0.0,0.0,0.0,0.0,
8,1.0,4.0,1.0,3.0,0.2,0.25,0.2222222222222222,0.5,0.22222222222222224,-0.55,1.0
