,tp,fp,tn,fn,precision,recall,accuracy,inspection_rate,f1_score,mcc,auc_roc
0,,,,,,,,,,,
1,,,,,,,,,,,
2,,,,,,,,,,,
3,1.0,1.0,4.0,0.0,0.5,1.0,0.8333333333333334,0.3333333333333333,0.6666666666666666,0.6324555320336759,1.0
4,0.0,1.0,1.0,0.0,0.0,0.0,0.5,0.5,0.0,0.0,
5,1.0,2.0,5.0,0.0,0.3333333333333333,1.0,0.75,0.41666666666666663,0.5,0.4879500364742666,1.0
