,tp,fp,tn,fn,precision,recall,accuracy,inspection_rate,f1_score,mcc,auc_roc
0,3.0,0.0,0.0,7.0,1.0,0.3,0.3,0.3,0.46153846153846156,0.0,
1,,,,,,,,,,,
2,0.0,0.0,0.0,1.0,0.0,0.0,0.0,0.0,0.0,0.0,
3,,,,,,,,,,,
4,0.0,0.0,0.0,1.0,0.0,0.0,0.0,0.0,0.0,0.0,
5,1.0,1.0,3.0,0.0,0.5,1.0,0.8,0.4,0.6666666666666666,0.6123724356957946,1.0
6,4.0,1.0,3.0,9.0,0.8,0.3076923076923077,0.4117647058823529,0.175,0.4444444444444444,0.053708615552957466,1.0
