,tp,fp,tn,fn,precision,recall,accuracy,inspection_rate,f1_score,mcc,auc_roc
0,0.0,1.0,1.0,0.0,0.0,0.0,0.5,0.5,0.0,0.0,
1,0.0,0.0,0.0,1.0,0.0,0.0,0.0,0.0,0.0,0.0,
2,,,,,,,,,,,
3,1.0,0.0,1.0,0.0,1.0,1.0,1.0,0.5,1.0,1.0,1.0
4,0.0,1.0,0.0,0.0,0.0,0.0,0.0,1.0,0.0,0.0,
5,0.0,0.0,0.0,1.0,0.0,0.0,0.0,0.0,0.0,0.0,
6,,,,,,,,,,,
7,0.0,0.0,0.0,1.0,0.0,0.0,0.0,0.0,0.0,0.0,
8,1.0,2.0,2.0,3.0,0.3333333333333333,0.25,0.375,0.3333333333333333,0.28571428571428575,-0.2581988897471611,1.0
