,tp,fp,tn,fn,precision,recall,accuracy,inspection_rate,f1_score,mcc,auc_roc
0,0.0,1.0,1.0,0.0,0.0,0.0,0.5,0.5,0.0,0.0,
1,0.0,2.0,6.0,0.0,0.0,0.0,0.75,0.25,0.0,0.0,
2,,,,,,,,,,,
3,0.0,1.0,2.0,0.0,0.0,0.0,0.6666666666666666,0.3333333333333333,0.0,0.0,
4,0.0,1.0,2.0,0.0,0.0,0.0,0.6666666666666666,0.3333333333333333,0.0,0.0,
5,0.0,5.0,11.0,0.0,0.0,-1.0,0.6875,0.35416666666666663,0.0,-1.0,
