,tp,fp,tn,fn,precision,recall,accuracy,inspection_rate,f1_score,mcc,auc_roc
0,0.0,1.0,0.0,0.0,0.0,0.0,0.0,1.0,0.0,0.0,
1,0.0,0.0,0.0,2.0,0.0,0.0,0.0,0.0,0.0,0.0,
2,,,,,,,,,,,
3,0.0,1.0,0.0,0.0,0.0,0.0,0.0,1.0,0.0,0.0,
4,0.0,1.0,0.0,0.0,0.0,0.0,0.0,1.0,0.0,0.0,
5,1.0,0.0,0.0,1.0,1.0,0.5,0.5,0.5,0.6666666666666666,0.0,
6,0.0,1.0,0.0,0.0,0.0,0.0,0.0,1.0,0.0,0.0,
7,0.0,1.0,0.0,0.0,0.0,0.0,0.0,1.0,0.0,0.0,
8,1.0,5.0,0.0,3.0,0.16666666666666666,0.25,0.1111111111111111,0.7857142857142857,0.2,-0.7905694150420948,
