,tp,fp,tn,fn,precision,recall,accuracy,inspection_rate,f1_score,mcc,auc_roc
0,0.0,3.0,2.0,2.0,0.0,0.0,0.2857142857142857,0.42857142857142855,0.0,-0.5477225575051661,0.4
1,0.0,3.0,1.0,0.0,0.0,0.0,0.25,0.75,0.0,0.0,
2,,,,,,,,,,,
3,,,,,,,,,,,
4,0.0,1.0,1.0,0.0,0.0,0.0,0.5,0.5,0.0,0.0,
5,0.0,7.0,4.0,2.0,0.0,0.0,-1.0,0.5595238095238095,-1.0,-0.4605661864718383,0.4
