,tp,fp,tn,fn,precision,recall,accuracy,inspection_rate,f1_score,mcc,auc_roc
0,,,,,,,,,,,
1,,,,,,,,,,,
2,0.0,1.0,1.0,0.0,0.0,0.0,0.5,0.5,0.0,0.0,
3,1.0,2.0,3.0,0.0,0.3333333333333333,1.0,0.6666666666666666,0.5,0.5,0.4472135954999579,0.8
4,1.0,0.0,1.0,0.0,1.0,1.0,1.0,0.5,1.0,1.0,1.0
5,2.0,3.0,5.0,0.0,0.4,1.0,0.7,0.5,0.5714285714285715,0.5,0.9
