,tp,fp,tn,fn,precision,recall,accuracy,inspection_rate,f1_score,mcc,auc_roc
0,,,,,,,,,,,
1,,,,,,,,,,,
2,0.0,1.0,1.0,0.0,0.0,0.0,0.5,0.5,0.0,0.0,
3,1.0,3.0,2.0,0.0,0.25,1.0,0.5,0.6666666666666666,0.4,0.31622776601683794,1.0
4,1.0,0.0,1.0,0.0,1.0,1.0,1.0,0.5,1.0,1.0,1.0
5,2.0,4.0,4.0,0.0,0.3333333333333333,1.0,0.6,0.5555555555555555,0.5,0.4082482904638631,1.0
