,tp,fp,tn,fn,precision,recall,accuracy,inspection_rate,f1_score,mcc,auc_roc
0,0,1,1,0,0.0,0.0,0.5,0.5,0.0,0.0,
1,2,1,5,0,0.6666666666666666,1.0,0.875,0.375,0.8,0.7453559924999299,0.8333333333333334
2,0,1,1,0,0.0,0.0,0.5,0.5,0.0,0.0,
3,1,0,1,1,1.0,0.5,0.6666666666666666,0.3333333333333333,0.6666666666666666,0.5,1.0
4,0,1,2,0,0.0,0.0,0.6666666666666666,0.3333333333333333,0.0,0.0,
5,3,4,10,1,0.42857142857142855,0.75,0.7222222222222222,0.4083333333333333,0.5454545454545454,0.3959441875175622,0.9166666666666667
